{
  "01 - Reservar-1" : {
    "transaction" : "01 - Reservar-1",
    "sampleCount" : 1111,
    "errorCount" : 0,
    "errorPct" : 0.0,
    "meanResTime" : 169.16381638163824,
    "medianResTime" : 161.0,
    "minResTime" : 117.0,
    "maxResTime" : 822.0,
    "pct1ResTime" : 207.0,
    "pct2ResTime" : 234.39999999999986,
    "pct3ResTime" : 304.8799999999999,
    "throughput" : 28.669488026424442,
    "receivedKBytesPerSec" : 203.3759951099298,
    "sentKBytesPerSec" : 3.527690909501445
  },
  "02 - Confirmar-0" : {
    "transaction" : "02 - Confirmar-0",
    "sampleCount" : 1050,
    "errorCount" : 0,
    "errorPct" : 0.0,
    "meanResTime" : 50.11333333333332,
    "medianResTime" : 47.0,
    "minResTime" : 40.0,
    "maxResTime" : 97.0,
    "pct1ResTime" : 61.0,
    "pct2ResTime" : 65.0,
    "pct3ResTime" : 79.0,
    "throughput" : 27.307482250136538,
    "receivedKBytesPerSec" : 6.8816277535044605,
    "sentKBytesPerSec" : 5.733504574003277
  },
  "02 - Confirmar-1" : {
    "transaction" : "02 - Confirmar-1",
    "sampleCount" : 1050,
    "errorCount" : 0,
    "errorPct" : 0.0,
    "meanResTime" : 173.19238095238066,
    "medianResTime" : 167.0,
    "minResTime" : 125.0,
    "maxResTime" : 346.0,
    "pct1ResTime" : 213.0,
    "pct2ResTime" : 236.44999999999993,
    "pct3ResTime" : 293.49,
    "throughput" : 27.23452819422109,
    "receivedKBytesPerSec" : 154.23299341508013,
    "sentKBytesPerSec" : 3.4841046810966434
  },
  "00 - Home" : {
    "transaction" : "00 - Home",
    "sampleCount" : 1250,
    "errorCount" : 0,
    "errorPct" : 0.0,
    "meanResTime" : 167.18640000000025,
    "medianResTime" : 159.0,
    "minResTime" : 119.0,
    "maxResTime" : 898.0,
    "pct1ResTime" : 202.0,
    "pct2ResTime" : 221.45000000000005,
    "pct3ResTime" : 303.0,
    "throughput" : 29.991842218916457,
    "receivedKBytesPerSec" : 139.88673205888,
    "sentKBytesPerSec" : 3.368224467944719
  },
  "Total" : {
    "transaction" : "Total",
    "sampleCount" : 7933,
    "errorCount" : 200,
    "errorPct" : 2.5211143,
    "meanResTime" : 3538.6075885541422,
    "medianResTime" : 164.0,
    "minResTime" : 40.0,
    "maxResTime" : 136482.0,
    "pct1ResTime" : 239.0,
    "pct2ResTime" : 278.0,
    "pct3ResTime" : 134976.5,
    "throughput" : 44.36503142965797,
    "receivedKBytesPerSec" : 195.7978976348064,
    "sentKBytesPerSec" : 8.830754769674295
  },
  "02 - Confirmar" : {
    "transaction" : "02 - Confirmar",
    "sampleCount" : 1111,
    "errorCount" : 61,
    "errorPct" : 5.490549,
    "meanResTime" : 7585.105310531055,
    "medianResTime" : 219.0,
    "minResTime" : 169.0,
    "maxResTime" : 135519.0,
    "pct1ResTime" : 291.80000000000007,
    "pct2ResTime" : 133338.8,
    "pct3ResTime" : 135144.36,
    "throughput" : 6.385424449681016,
    "receivedKBytesPerSec" : 36.4812913547474,
    "sentKBytesPerSec" : 2.0391123412265073
  },
  "01 - Reservar" : {
    "transaction" : "01 - Reservar",
    "sampleCount" : 1250,
    "errorCount" : 139,
    "errorPct" : 11.12,
    "meanResTime" : 15165.998399999997,
    "medianResTime" : 215.0,
    "minResTime" : 162.0,
    "maxResTime" : 136482.0,
    "pct1ResTime" : 132962.1,
    "pct2ResTime" : 135009.45,
    "pct3ResTime" : 136166.33,
    "throughput" : 7.010538241083998,
    "receivedKBytesPerSec" : 47.48522353802235,
    "sentKBytesPerSec" : 2.0445358462841345
  },
  "01 - Reservar-0" : {
    "transaction" : "01 - Reservar-0",
    "sampleCount" : 1111,
    "errorCount" : 0,
    "errorPct" : 0.0,
    "meanResTime" : 50.25112511251122,
    "medianResTime" : 47.0,
    "minResTime" : 40.0,
    "maxResTime" : 206.0,
    "pct1ResTime" : 61.0,
    "pct2ResTime" : 65.0,
    "pct3ResTime" : 77.0,
    "throughput" : 28.747380132998682,
    "receivedKBytesPerSec" : 7.103938169521567,
    "sentKBytesPerSec" : 5.89545881633762
  }
}