{
  "01 - Reservar-1" : {
    "transaction" : "01 - Reservar-1",
    "sampleCount" : 1104,
    "errorCount" : 0,
    "errorPct" : 0.0,
    "meanResTime" : 195.57699275362276,
    "medianResTime" : 190.0,
    "minResTime" : 140.0,
    "maxResTime" : 509.0,
    "pct1ResTime" : 231.5,
    "pct2ResTime" : 245.0,
    "pct3ResTime" : 300.85000000000014,
    "throughput" : 25.773917915674463,
    "receivedKBytesPerSec" : 182.83591889620394,
    "sentKBytesPerSec" : 3.171400056030256
  },
  "02 - Confirmar-0" : {
    "transaction" : "02 - Confirmar-0",
    "sampleCount" : 1031,
    "errorCount" : 0,
    "errorPct" : 0.0,
    "meanResTime" : 60.60523763336568,
    "medianResTime" : 59.0,
    "minResTime" : 43.0,
    "maxResTime" : 171.0,
    "pct1ResTime" : 73.0,
    "pct2ResTime" : 77.0,
    "pct3ResTime" : 82.67999999999995,
    "throughput" : 23.009797576271563,
    "receivedKBytesPerSec" : 5.7993955325060815,
    "sentKBytesPerSec" : 4.831158670799205
  },
  "02 - Confirmar-1" : {
    "transaction" : "02 - Confirmar-1",
    "sampleCount" : 1031,
    "errorCount" : 0,
    "errorPct" : 0.0,
    "meanResTime" : 202.3559650824442,
    "medianResTime" : 196.0,
    "minResTime" : 139.0,
    "maxResTime" : 680.0,
    "pct1ResTime" : 240.0,
    "pct2ResTime" : 258.0,
    "pct3ResTime" : 334.1199999999983,
    "throughput" : 22.945784741386984,
    "receivedKBytesPerSec" : 129.94490720004674,
    "sentKBytesPerSec" : 2.9354470714079053
  },
  "00 - Home" : {
    "transaction" : "00 - Home",
    "sampleCount" : 1231,
    "errorCount" : 0,
    "errorPct" : 0.0,
    "meanResTime" : 196.84971567831045,
    "medianResTime" : 189.0,
    "minResTime" : 140.0,
    "maxResTime" : 742.0,
    "pct1ResTime" : 232.0,
    "pct2ResTime" : 254.0,
    "pct3ResTime" : 347.0,
    "throughput" : 25.505552792971987,
    "receivedKBytesPerSec" : 118.96094915464943,
    "sentKBytesPerSec" : 2.864393135929471
  },
  "Total" : {
    "transaction" : "Total",
    "sampleCount" : 7836,
    "errorCount" : 200,
    "errorPct" : 2.5523226,
    "meanResTime" : 3601.422537008677,
    "medianResTime" : 194.0,
    "minResTime" : 43.0,
    "maxResTime" : 136455.0,
    "pct1ResTime" : 277.0,
    "pct2ResTime" : 306.0,
    "pct3ResTime" : 134913.6,
    "throughput" : 42.512559542539684,
    "receivedKBytesPerSec" : 187.6875433175367,
    "sentKBytesPerSec" : 8.46061533111891
  },
  "02 - Confirmar" : {
    "transaction" : "02 - Confirmar",
    "sampleCount" : 1104,
    "errorCount" : 73,
    "errorPct" : 6.612319,
    "meanResTime" : 9136.1259057971,
    "medianResTime" : 259.0,
    "minResTime" : 199.0,
    "maxResTime" : 136455.0,
    "pct1ResTime" : 330.0,
    "pct2ResTime" : 133022.75,
    "pct3ResTime" : 136040.1,
    "throughput" : 6.157827803931193,
    "receivedKBytesPerSec" : 34.927050535044955,
    "sentKBytesPerSec" : 1.943091599780237
  },
  "01 - Reservar" : {
    "transaction" : "01 - Reservar",
    "sampleCount" : 1231,
    "errorCount" : 127,
    "errorPct" : 10.316815,
    "meanResTime" : 14084.320877335502,
    "medianResTime" : 256.0,
    "minResTime" : 193.0,
    "maxResTime" : 136367.0,
    "pct1ResTime" : 132456.8,
    "pct2ResTime" : 134257.19999999998,
    "pct3ResTime" : 136044.08000000002,
    "throughput" : 6.701726878770062,
    "receivedKBytesPerSec" : 45.66851329082827,
    "sentKBytesPerSec" : 1.9721369308159666
  },
  "01 - Reservar-0" : {
    "transaction" : "01 - Reservar-0",
    "sampleCount" : 1104,
    "errorCount" : 0,
    "errorPct" : 0.0,
    "meanResTime" : 60.9719202898551,
    "medianResTime" : 59.0,
    "minResTime" : 43.0,
    "maxResTime" : 173.0,
    "pct1ResTime" : 73.0,
    "pct2ResTime" : 76.0,
    "pct3ResTime" : 83.95000000000005,
    "throughput" : 25.84330157541141,
    "receivedKBytesPerSec" : 6.38694140780449,
    "sentKBytesPerSec" : 5.299895830894918
  }
}