{
  "01 - Reservar-1" : {
    "transaction" : "01 - Reservar-1",
    "sampleCount" : 1694,
    "errorCount" : 0,
    "errorPct" : 0.0,
    "meanResTime" : 162.62868949232606,
    "medianResTime" : 156.0,
    "minResTime" : 103.0,
    "maxResTime" : 526.0,
    "pct1ResTime" : 198.0,
    "pct2ResTime" : 215.25,
    "pct3ResTime" : 319.04999999999995,
    "throughput" : 28.370932355256326,
    "receivedKBytesPerSec" : 201.25793693161833,
    "sentKBytesPerSec" : 3.4909545671506805
  },
  "02 - Confirmar-0" : {
    "transaction" : "02 - Confirmar-0",
    "sampleCount" : 1632,
    "errorCount" : 0,
    "errorPct" : 0.0,
    "meanResTime" : 49.00551470588234,
    "medianResTime" : 38.0,
    "minResTime" : 17.0,
    "maxResTime" : 993.0,
    "pct1ResTime" : 93.0,
    "pct2ResTime" : 105.0,
    "pct3ResTime" : 134.34000000000015,
    "throughput" : 27.432259799636928,
    "receivedKBytesPerSec" : 6.913153764371681,
    "sentKBytesPerSec" : 5.759702985275331
  },
  "02 - Confirmar-1" : {
    "transaction" : "02 - Confirmar-1",
    "sampleCount" : 1632,
    "errorCount" : 0,
    "errorPct" : 0.0,
    "meanResTime" : 170.6568627450979,
    "medianResTime" : 162.0,
    "minResTime" : 110.0,
    "maxResTime" : 619.0,
    "pct1ResTime" : 210.0,
    "pct2ResTime" : 240.3499999999999,
    "pct3ResTime" : 392.6800000000003,
    "throughput" : 27.369233091281085,
    "receivedKBytesPerSec" : 154.99576024249947,
    "sentKBytesPerSec" : 3.5013374364822485
  },
  "00 - Home" : {
    "transaction" : "00 - Home",
    "sampleCount" : 1762,
    "errorCount" : 0,
    "errorPct" : 0.0,
    "meanResTime" : 164.27468785471032,
    "medianResTime" : 155.0,
    "minResTime" : 104.0,
    "maxResTime" : 561.0,
    "pct1ResTime" : 206.70000000000005,
    "pct2ResTime" : 234.0,
    "pct3ResTime" : 345.84999999999945,
    "throughput" : 29.248696922412936,
    "receivedKBytesPerSec" : 136.41917702765514,
    "sentKBytesPerSec" : 3.2847657676537967
  },
  "Total" : {
    "transaction" : "Total",
    "sampleCount" : 11740,
    "errorCount" : 0,
    "errorPct" : 0.0,
    "meanResTime" : 146.91047700170466,
    "medianResTime" : 156.5,
    "minResTime" : 17.0,
    "maxResTime" : 1154.0,
    "pct1ResTime" : 232.0,
    "pct2ResTime" : 261.0,
    "pct3ResTime" : 353.59000000000015,
    "throughput" : 194.63510063331015,
    "receivedKBytesPerSec" : 868.6670930526543,
    "sentKBytesPerSec" : 39.99541363067409
  },
  "02 - Confirmar" : {
    "transaction" : "02 - Confirmar",
    "sampleCount" : 1632,
    "errorCount" : 0,
    "errorPct" : 0.0,
    "meanResTime" : 219.69669117647044,
    "medianResTime" : 208.0,
    "minResTime" : 141.0,
    "maxResTime" : 1154.0,
    "pct1ResTime" : 277.0,
    "pct2ResTime" : 309.3499999999999,
    "pct3ResTime" : 462.3600000000006,
    "throughput" : 27.357304500880062,
    "receivedKBytesPerSec" : 161.82247139803872,
    "sentKBytesPerSec" : 9.243776716117676
  },
  "01 - Reservar" : {
    "transaction" : "01 - Reservar",
    "sampleCount" : 1694,
    "errorCount" : 0,
    "errorPct" : 0.0,
    "meanResTime" : 212.01770956316406,
    "medianResTime" : 203.0,
    "minResTime" : 125.0,
    "maxResTime" : 565.0,
    "pct1ResTime" : 265.0,
    "pct2ResTime" : 287.0,
    "pct3ResTime" : 390.0999999999999,
    "throughput" : 28.350515463917525,
    "receivedKBytesPerSec" : 208.11904700888672,
    "sentKBytesPerSec" : 9.302512886597938
  },
  "01 - Reservar-0" : {
    "transaction" : "01 - Reservar-0",
    "sampleCount" : 1694,
    "errorCount" : 0,
    "errorPct" : 0.0,
    "meanResTime" : 49.345926800472306,
    "medianResTime" : 39.0,
    "minResTime" : 17.0,
    "maxResTime" : 386.0,
    "pct1ResTime" : 92.0,
    "pct2ResTime" : 104.0,
    "pct3ResTime" : 127.0,
    "throughput" : 28.437610166361697,
    "receivedKBytesPerSec" : 7.027466310077389,
    "sentKBytesPerSec" : 5.831931772398395
  }
}